{
  "ensemble_0.8_0.2": {
    "val_f1": 0.7482762112608673,
    "test_f1": 0.7627778694082504,
    "weights": [
      0.8,
      0.2
    ]
  },
  "ensemble_0.9_0.1": {
    "val_f1": 0.73994322509174,
    "test_f1": 0.769047619047619,
    "weights": [
      0.9,
      0.1
    ]
  },
  "pure_se_with_tta": {
    "val_f1": 0.7243719243719244,
    "test_f1": 0.7677248677248677,
    "weights": [
      1.0,
      0.0
    ],
    "tta": true
  },
  "pure_se_no_tta": {
    "val_f1": 0.7011238406983088,
    "test_f1": 0.7624773608528121,
    "weights": [
      1.0,
      0.0
    ],
    "tta": false
  },
  "ensemble_0.8_0.2_no_tta": {
    "val_f1": 0.7087384483129164,
    "test_f1": 0.7725184271946862,
    "weights": [
      0.8,
      0.2
    ],
    "tta": false
  },
  "hard_voting": {
    "val_f1": 0.7079693713234086,
    "test_f1": 0.7591279159544841,
    "method": "majority_vote"
  }
}