{
  "resnet18_se": {
    "DR": {
      "accuracy": 0.835,
      "precision": 0.802398331595412,
      "recall": 0.8107142857142857,
      "f1_score": 0.8062868715329752,
      "kappa": 0.6126760563380282
    },
    "Glaucoma": {
      "accuracy": 0.91,
      "precision": 0.9052396878483835,
      "recall": 0.8438978240302744,
      "f1_score": 0.8688811188811189,
      "kappa": 0.738713891711424
    },
    "AMD": {
      "accuracy": 0.93,
      "precision": 0.8632872503840245,
      "recall": 0.7415730337078652,
      "f1_score": 0.7863247863247864,
      "kappa": 0.574726609963548
    },
    "average_f1": 0.8204975922462934
  },
  "resnet18_mha": {
    "DR": {
      "accuracy": 0.84,
      "precision": 0.8108305002428364,
      "recall": 0.8047619047619048,
      "f1_score": 0.8076691910085346,
      "kappa": 0.6153846153846154
    },
    "Glaucoma": {
      "accuracy": 0.9,
      "precision": 0.8772033772774404,
      "recall": 0.8441681308284903,
      "f1_score": 0.8588368153585545,
      "kappa": 0.7180318623995489
    },
    "AMD": {
      "accuracy": 0.885,
      "precision": 0.708056988454925,
      "recall": 0.7162921348314606,
      "f1_score": 0.7120500782472613,
      "kappa": 0.4241362043064597
    },
    "average_f1": 0.7928520282047834
  },
  "efficientnet_se": {
    "DR": {
      "accuracy": 0.79,
      "precision": 0.75390625,
      "recall": 0.7785714285714286,
      "f1_score": 0.762550881953867,
      "kappa": 0.527027027027027
    },
    "Glaucoma": {
      "accuracy": 0.855,
      "precision": 0.8198505523066927,
      "recall": 0.7661170428436275,
      "f1_score": 0.7870074547390842,
      "kappa": 0.5758993857853173
    },
    "AMD": {
      "accuracy": 0.895,
      "precision": 0.7326209776467698,
      "recall": 0.7418283963227783,
      "f1_score": 0.7370892018779343,
      "kappa": 0.47421131697546315
    },
    "average_f1": 0.762215846190295
  },
  "efficientnet_mha": {
    "DR": {
      "accuracy": 0.73,
      "precision": 0.6868131868131868,
      "recall": 0.7023809523809523,
      "f1_score": 0.6923076923076923,
      "kappa": 0.38636363636363635
    },
    "Glaucoma": {
      "accuracy": 0.83,
      "precision": 0.7778308647873865,
      "recall": 0.7357751047438843,
      "f1_score": 0.7523310023310024,
      "kappa": 0.5064595732326898
    },
    "AMD": {
      "accuracy": 0.91,
      "precision": 0.7798913043478262,
      "recall": 0.7104187946884576,
      "f1_score": 0.7382960162838035,
      "kappa": 0.47795823665893267
    },
    "average_f1": 0.7276449036408327
  }
}