{
  "resnet18_baseline": {
    "DR": {
      "accuracy": 0.515,
      "precision": 0.517001700170017,
      "recall": 0.5202380952380952,
      "f1_score": 0.49582889368226823,
      "kappa": 0.033864541832669404
    },
    "Glaucoma": {
      "accuracy": 0.785,
      "precision": 0.70625,
      "recall": 0.6784024868225436,
      "f1_score": 0.6892951334947073,
      "kappa": 0.3804034582132565
    },
    "AMD": {
      "accuracy": 0.785,
      "precision": 0.6305352329611089,
      "recall": 0.7597037793667007,
      "f1_score": 0.6471794871794871,
      "kappa": 0.32112409220082105
    },
    "average_f1": 0.6107678381188208
  },
  "resnet18_finetune_head": {
    "DR": {
      "accuracy": 0.82,
      "precision": 0.7857142857142857,
      "recall": 0.7857142857142857,
      "f1_score": 0.7857142857142857,
      "kappa": 0.5714285714285714
    },
    "Glaucoma": {
      "accuracy": 0.855,
      "precision": 0.8307937632884479,
      "recall": 0.7523313961346128,
      "f1_score": 0.7795598798981415,
      "kappa": 0.5628580042206814
    },
    "AMD": {
      "accuracy": 0.91,
      "precision": 0.7798913043478262,
      "recall": 0.7104187946884576,
      "f1_score": 0.7382960162838035,
      "kappa": 0.47795823665893267
    },
    "average_f1": 0.7678567272987435
  },
  "resnet18_finetune_full": {
    "DR": {
      "accuracy": 0.785,
      "precision": 0.7491640599719556,
      "recall": 0.775,
      "f1_score": 0.7578215200923657,
      "kappa": 0.5179372197309418
    },
    "Glaucoma": {
      "accuracy": 0.89,
      "precision": 0.8733874820831342,
      "recall": 0.8168671442086768,
      "f1_score": 0.8397435897435898,
      "kappa": 0.6806503120917404
    },
    "AMD": {
      "accuracy": 0.92,
      "precision": 0.8,
      "recall": 0.7757916241062308,
      "f1_score": 0.7871774408087258,
      "kappa": 0.574468085106383
    },
    "average_f1": 0.7949141835482271
  },
  "efficientnet_baseline": {
    "DR": {
      "accuracy": 0.6,
      "precision": 0.5588482555695671,
      "recall": 0.5666666666666667,
      "f1_score": 0.5574731718110411,
      "kappa": 0.1228070175438597
    },
    "Glaucoma": {
      "accuracy": 0.795,
      "precision": 0.7242723492723493,
      "recall": 0.7332747668603865,
      "f1_score": 0.728467830060598,
      "kappa": 0.4570974576271186
    },
    "AMD": {
      "accuracy": 0.715,
      "precision": 0.6041044363314526,
      "recall": 0.7402962206332993,
      "f1_score": 0.594580177104449,
      "kappa": 0.24821946715906085
    },
    "average_f1": 0.6268403929920293
  },
  "efficientnet_finetune_head": {
    "DR": {
      "accuracy": 0.795,
      "precision": 0.7592446374522963,
      "recall": 0.7345238095238096,
      "f1_score": 0.744381059259952,
      "kappa": 0.49004975124378114
    },
    "Glaucoma": {
      "accuracy": 0.835,
      "precision": 0.8005952380952381,
      "recall": 0.7184078929585078,
      "f1_score": 0.7445721583652618,
      "kappa": 0.49479485609308016
    },
    "AMD": {
      "accuracy": 0.925,
      "precision": 0.8525298231180585,
      "recall": 0.7188457609805924,
      "f1_score": 0.7651663405088063,
      "kappa": 0.5332918481642812
    },
    "average_f1": 0.7513731860446734
  },
  "efficientnet_finetune_full": {
    "DR": {
      "accuracy": 0.69,
      "precision": 0.6652386780905752,
      "recall": 0.6928571428571428,
      "f1_score": 0.6656239887822242,
      "kappa": 0.34322033898305093
    },
    "Glaucoma": {
      "accuracy": 0.8,
      "precision": 0.7294063506672803,
      "recall": 0.7021219083659954,
      "f1_score": 0.7132616487455197,
      "kappa": 0.42783578887140605
    },
    "AMD": {
      "accuracy": 0.88,
      "precision": 0.7098039215686274,
      "recall": 0.7732379979570991,
      "f1_score": 0.7347480106100795,
      "kappa": 0.4713656387665198
    },
    "average_f1": 0.7045445493792745
  }
}