{
  "resnet18_bce": {
    "DR": {
      "accuracy": 0.795,
      "precision": 0.7560537597033947,
      "recall": 0.763095238095238,
      "f1_score": 0.7593261131167268,
      "kappa": 0.5187793427230047
    },
    "Glaucoma": {
      "accuracy": 0.875,
      "precision": 0.875,
      "recall": 0.772469252601703,
      "f1_score": 0.8064940593676226,
      "kappa": 0.6172688303735456
    },
    "AMD": {
      "accuracy": 0.9,
      "precision": 0.7446373850868233,
      "recall": 0.7446373850868233,
      "f1_score": 0.7446373850868233,
      "kappa": 0.4892747701736465
    },
    "average_f1": 0.770152519190391
  },
  "resnet18_focal": {
    "DR": {
      "accuracy": 0.8,
      "precision": 0.7638254693049213,
      "recall": 0.7476190476190476,
      "f1_score": 0.754631333578702,
      "kappa": 0.5098039215686274
    },
    "Glaucoma": {
      "accuracy": 0.89,
      "precision": 0.8733874820831342,
      "recall": 0.8168671442086768,
      "f1_score": 0.8397435897435898,
      "kappa": 0.6806503120917404
    },
    "AMD": {
      "accuracy": 0.915,
      "precision": 0.8009009009009009,
      "recall": 0.7132277834525026,
      "f1_score": 0.7468542923088377,
      "kappa": 0.49554896142433236
    },
    "average_f1": 0.7804097385437098
  },
  "resnet18_class_balanced": {
    "DR": {
      "accuracy": 0.815,
      "precision": 0.7809471230523861,
      "recall": 0.7726190476190475,
      "f1_score": 0.7765093171453595,
      "kappa": 0.5531400966183575
    },
    "Glaucoma": {
      "accuracy": 0.9,
      "precision": 0.8968661913447189,
      "recall": 0.8234896607649682,
      "f1_score": 0.8518737964745964,
      "kappa": 0.7053189921909533
    },
    "AMD": {
      "accuracy": 0.915,
      "precision": 0.7843841447193403,
      "recall": 0.7729826353421859,
      "f1_score": 0.778516057585825,
      "kappa": 0.5570609692548203
    },
    "average_f1": 0.8022997237352604
  },
  "efficientnet_bce": {
    "DR": {
      "accuracy": 0.805,
      "precision": 0.7695924764890283,
      "recall": 0.7559523809523809,
      "f1_score": 0.7620137299771167,
      "kappa": 0.524390243902439
    },
    "Glaucoma": {
      "accuracy": 0.835,
      "precision": 0.7953579021970234,
      "recall": 0.7253007163130153,
      "f1_score": 0.7491543460909886,
      "kappa": 0.5025625565269822
    },
    "AMD": {
      "accuracy": 0.93,
      "precision": 0.8847517730496455,
      "recall": 0.7216547497446374,
      "f1_score": 0.7749919639987142,
      "kappa": 0.5535714285714286
    },
    "average_f1": 0.7620533466889398
  },
  "efficientnet_focal": {
    "DR": {
      "accuracy": 0.805,
      "precision": 0.767639902676399,
      "recall": 0.7749999999999999,
      "f1_score": 0.7710663027207889,
      "kappa": 0.5422535211267605
    },
    "Glaucoma": {
      "accuracy": 0.835,
      "precision": 0.8005952380952381,
      "recall": 0.7184078929585078,
      "f1_score": 0.7445721583652618,
      "kappa": 0.49479485609308016
    },
    "AMD": {
      "accuracy": 0.92,
      "precision": 0.8058608058608059,
      "recall": 0.7558733401430031,
      "f1_score": 0.7777777777777778,
      "kappa": 0.5560488346281909
    },
    "average_f1": 0.7644720796212762
  },
  "efficientnet_class_balanced": {
    "DR": {
      "accuracy": 0.81,
      "precision": 0.7780665280665281,
      "recall": 0.7547619047619047,
      "f1_score": 0.7643849206349207,
      "kappa": 0.5297029702970297
    },
    "Glaucoma": {
      "accuracy": 0.84,
      "precision": 0.8131322771521283,
      "recall": 0.7217191512366536,
      "f1_score": 0.75,
      "kappa": 0.5062490356426478
    },
    "AMD": {
      "accuracy": 0.92,
      "precision": 0.8248847926267281,
      "recall": 0.7160367722165475,
      "f1_score": 0.7557997557997558,
      "kappa": 0.5139732685297691
    },
    "average_f1": 0.7567282254782256
  }
}