{
  "resnet18_se": {
    "val_f1": 0.7087657113541498,
    "test_f1": 0.7391598228118467,
    "thresholds": [
      0.39999999999999997,
      0.5999999999999999,
      0.3
    ]
  },
  "resnet18_mha": {
    "val_f1": 0.6989000805514567,
    "test_f1": 0.7422558922558924,
    "thresholds": [
      0.49999999999999994,
      0.35,
      0.35
    ]
  },
  "resnet18_ensemble": {
    "val_f1": 0.7165960547214482,
    "test_f1": 0.7800159178062369,
    "thresholds": [
      0.3,
      0.3,
      0.3
    ]
  }
}